{
  "schemaVersion": 1,
  "id": "tmi",
  "version": "1.8.9",
  "name": "TMI",
  "description": "TMILegacyFabric",
  "authors": [
    "Marglyph,Wotblitz,HowardZHY"
  ],
  "contact": {
    "sources": "https://github.com/HowardZHY"
  },
  "license": "CUSTOM",
  "icon": "assets/TMIFabric/icon.png",
  "environment": "client",
  "entrypoints": {
    "main": [
      "net.minecraft.src.TMIFabricContainer"
    ]
  },

  "mixins": [
  ],
  "accessWidener": "TMI.accesswidener",
  "depends": {
  },
  "custom": {
    "modmenu:clientsideOnly": true
  }
}